<?xml version="1.0" encoding="UTF-8"?>
<includes>
	<include name="View_506_Download">
		<control type="group">
			<include>OpenClose_Right</include>
			<left>596</left>
			<visible>Control.IsVisible(506)</visible>
			<include>Visible_Right</include>
			<include content="ListContainerDown">
				<param name="list_id" value="506" />
				<param name="right" value="594" />
				<param name="viewtype_label" value="$LOCALIZE[535]" />
			</include>
			<control type="group">
				<depth>DepthContentPanel</depth>
				<control type="group">
					<right>-20</right>
					<width>634</width>
					<include content="ContentPanel">
						<param name="left" value="0" />
						<param name="top" value="-20" />
						<param name="width" value="656" />
						<param name="flipx" value="true" />
					</include>
					<include content="RightListDown">
						<param name="list_id" value="506" />
					</include>
				</control>
			</control>
		</control>
	</include>
	<include name="RightListDown">
		<control type="group">
			<visible>Control.IsVisible(506)</visible>
			<depth>DepthContentPanel</depth>
			<control type="group">
				<right>-32</right>
				<include content="ContentPanel">
					<param name="left" value="0" />
					<param name="top" value="-20" />
					<param name="width" value="656" />
					<param name="flipx" value="true" />
				</include>
				<control type="group">
					<visible>!Container.Content(songs)</visible>
					<control type="group">
						<left>45</left>
						<top>75</top>
						<align>center</align>
						<width>550</width>
						<height>155</height>
						<aspectratio aligny="bottom">keep</aspectratio>
						<control type="label">
								<left>5</left>
								<top>2</top>
								<align>left</align>
								<font>font36_title</font>
								<wrapmultiline>true</wrapmultiline>								
								<label>$INFO[ListItem.Property(tvshow_cs)] ($INFO[ListItem.Year])</label>
								<visible>!String.IsEqual(ListItem.Label,..)</visible> <!--+ !String.IsEmpty(ListItem.Year)</visible-->
								<shadowcolor>text_shadow</shadowcolor>
						</control>
						<control type="label">
								<left>5</left>
								<top>2</top>
								<align>left</align>
								<font>font36_title</font>
								<wrapmultiline>true</wrapmultiline>								
								<label>$INFO[ListItem.Property(tvshow_cs)]</label>
								<visible>!String.IsEqual(ListItem.Label,..) + String.IsEmpty(ListItem.Year)</visible>
								<shadowcolor>text_shadow</shadowcolor>
						</control>
						<control type="group" >
							<description>Title lang1</description>
							<left>5</left>
							<top>110</top>
							<width>550</width>
							<height>20</height>
							<visible>!String.IsEmpty(ListItem.Property(tvshowTit1))</visible>
							<control type="image">
								<left>1</left>
								<top>3</top>
								<width>22</width>
								<height>22</height>
								<texture>$INFO[ListItem.Property(tvshowImg1)]</texture>
							</control>
							<control type="label">
								<left>35</left>
								<top>3</top>
								<height>22</height>
								<font>font13</font>
								<aligny>center</aligny>
								<align>left</align>
								<label>$INFO[ListItem.Property(tvshowTit1)]</label>
							</control>
						</control>
						<control type="group" >
							<description>Title lang</description>
							<left>5</left>
							<top>145</top>
							<width>550</width>
							<height>20</height>
							<visible>!String.IsEmpty(ListItem.Property(tvshowTit2))</visible>
							<control type="image">
								<left>1</left>
								<top>3</top>
								<width>22</width>
								<height>22</height>
								<texture>$INFO[ListItem.Property(tvshowImg2)]</texture>
							</control>
							<control type="label">
								<left>35</left>
								<top>3</top>
								<height>22</height>
								<font>font13</font>
								<aligny>center</aligny>
								<align>left</align>
								<label>$INFO[ListItem.Property(tvshowTit2)]</label>
							</control>
						</control>
					</control>
					<control type="image">
						<depth>DepthContentPopout</depth>
						<left>45</left>
						<top>260</top>
						<width>340</width>
						<height>550</height>
						<!--bottom>200</bottom-->
						<fadetime>200</fadetime>
						<aspectratio aligny="top">keep</aspectratio>
						<texture fallback="DefaultVideo.png" background="true">$INFO[ListItem.Icon]</texture>
					</control>
					<control type="group">
						<left>345</left>
						<top>250</top>
						<align>center</align>
						<width>380</width>
						<height>650</height>
						<bottom>124</bottom>
						<aspectratio aligny="bottom">keep</aspectratio>
						<visible>!String.IsEqual(ListItem.Label,..)</visible>
						<control type="group">
							<left>1</left>
							<top>2</top>
							<align>right</align>
							<control type="image">
								<left>1</left>
								<top>1</top>
								<width>305</width>
								<height>110</height>
								<aspectratio aligny="bottom">keep</aspectratio>
								<fadetime>300</fadetime>
								<!--texture>Skin.String("imdb.png")</texture-->
								<texture fallback="DefaultAudio.png" background="true">special://home/addons/plugin.video.sosac-2/resources/images/csfd.png</texture>
							</control>
							<control type="label">
								<left>67</left>
								<top>68</top>
								<align>left</align>
								<font>font2</font>
								<label>[B]$INFO[ListItem.Property(csfdrating)][/B]</label>
								<textcolor>ffffffff</textcolor>
								<!--shadowcolor>text_shadow</shadowcolor-->
							</control>
							<control type="label">
								<right>145</right>
								<top>68</top>
								<align>right</align>
								<font>font2</font>
								<textcolor>ffffffff</textcolor>
								<label>[B]$INFO[ListItem.Property(csfdvotes)][/B]</label>
								<!--shadowcolor>text_shadow</shadowcolor-->
							</control>
						</control>
						<control type="group">
							<left>1</left>
							<top>160</top>
							<control type="image">
								<left>1</left>
								<top>1</top>
								<width>305</width>
								<height>110</height>
								<aspectratio aligny="bottom">keep</aspectratio>
								<fadetime>300</fadetime>
								<!--texture>Skin.String("imdb.png")</texture-->
								<texture fallback="DefaultAudio.png" background="true">special://home/addons/plugin.video.sosac-2/resources/images/imdb.png</texture>
							</control>
							<control type="label">
								<left>67</left>
								<top>68</top>
								<align>left</align>
								<font>font2</font>
								<label>[B]$INFO[ListItem.Property(imdbrating)][/B]</label>
								<textcolor>ff000000</textcolor>
								<!--shadowcolor>text_shadow</shadowcolor-->
							</control>
							<control type="label">
								<right>145</right>
								<top>68</top>
								<align>right</align>
								<font>font2</font>
								<label>[B]$INFO[ListItem.Property(imdbvotes)][/B]</label>
								<textcolor>ff000000</textcolor>
							</control>
						</control>
						<control type="group">
							<left>20</left>
							<top>520</top>
							<align>right</align>
							<control type="image">
								<left>10</left>
								<top>1</top>
								<width>53</width>
								<height>60</height>
								<aspectratio aligny="bottom">keep</aspectratio>
								<fadetime>300</fadetime>
								<texture fallback="DefaultAudio.png" background="true">special://home/addons/plugin.video.sosac-2/resources/images/origins.png</texture>
							</control>
							<control type="image">
								<left>55</left>
								<top>1</top>
								<width>50</width>
								<height>25</height>
								<aspectratio aligny="bottom">keep</aspectratio>
								<fadetime>300</fadetime>
								<!--texture>Skin.String("imdb.png")</texture-->
								<texture fallback="DefaultAudio.png" background="true">$INFO[ListItem.Property(flag1)]</texture>
							</control>
							<control type="image">
								<left>100</left>
								<top>1</top>
								<width>50</width>
								<height>25</height>
								<aspectratio aligny="bottom">keep</aspectratio>
								<fadetime>300</fadetime>
								<visible>![String.IsEmpty(ListItem.Property(flag2))+String.IsEmpty(ListItem.Property(flag3))+String.IsEmpty(ListItem.Property(flag4))]</visible>
								<texture fallback="DefaultAudio.png" background="true">$INFO[ListItem.Property(flag2)]</texture>
							</control>
							<control type="image">
								<left>150</left>
								<top>1</top>
								<width>50</width>
								<height>25</height>
								<aspectratio aligny="bottom">keep</aspectratio>
								<fadetime>300</fadetime>
								<visible>![String.IsEmpty(ListItem.Property(flag3))+String.IsEmpty(ListItem.Property(flag4))]</visible>
								<texture fallback="DefaultAudio.png" background="true">$INFO[ListItem.Property(flag3)]</texture>
							</control>
							<control type="image">
								<left>200</left>
								<top>1</top>
								<width>50</width>
								<height>25</height>
								<aspectratio aligny="bottom">keep</aspectratio>
								<fadetime>300</fadetime>
								<visible>![String.IsEmpty(ListItem.Property(flag4))]</visible>
								<texture fallback="DefaultAudio.png" background="true">$INFO[ListItem.Property(flag4)]</texture>
							</control>
						</control>
					</control>
					<control type="group">
						<left>40</left>
						<top>835</top>
						<aligny>center</aligny>
						<width>640</width>
						<visible>!String.IsEqual(ListItem.Label,..)</visible>
						<control type="group">
							<left>3</left>
							<top>2</top>
							<control type="image">
								<left>1</left>
								<top>1</top>
								<width>53</width>
								<height>53</height>
								<aspectratio aligny="bottom">keep</aspectratio>
								<fadetime>300</fadetime>
								<!--texture>Skin.String("imdb.png")</texture-->
								<texture fallback="DefaultAudio.png" background="true">special://home/addons/plugin.video.sosac-2/resources/images/genres.png</texture>
							</control>
							<control type="label">
								<left>75</left>
								<top>20</top>
								<align>left</align>
								<font>font3</font>
								<wrapmultiline>true</wrapmultiline>
								<label>$INFO[ListItem.Genre]</label>
								<!--textcolor>ff000000</textcolor-->
								<shadowcolor>text_shadow</shadowcolor>
							</control>
						</control>
					</control>
					<control type="group">
						<left>291</left>
						<top>950</top>
						<include content="RatingCircle">
							<param name="animation" value="True" />
						</include>
					</control>
				</control>
			</control>
			<control type="group">
				<param name="infolabelDown_prefix"></param>
				<depth>DepthBars</depth>
				<bottom>0</bottom>
				<height>70</height>
				<animation effect="fade" start="0" end="100" time="300" delay="300">WindowOpen</animation>
				<animation effect="fade" start="100" end="0" time="200">WindowClose</animation>
				<control type="grouplist">
					<orientation>horizontal</orientation>
					<right>20</right>
					<top>0</top>
					<height>70</height>
					<align>right</align>
					<itemgap>10</itemgap>
					<width>1900</width>
					<usecontrolcoords>true</usecontrolcoords>
					<control type="group">
						<width>150</width>
						<visible>System.AddonIsEnabled(resource.images.studios.white) + !String.IsEmpty($PARAM[infolabel_prefix]ListItem.Studio)</visible>
						<include content="MediaFlag">
							<param name="texture" value="$INFO[$PARAM[infolabel_prefix]ListItem.Studio,resource://resource.images.studios.white/,.png]" />
						</include>
					</control>
					<control type="group">
						<top>10</top>
						<width>200</width>
						<visible>!String.IsEmpty($PARAM[infolabel_prefix]ListItem.Premiered)</visible>
						<include content="InfoFlag">
							<!--param name="icon" value="lists/year.png" /-->
							<param name="label" value="$INFO[$PARAM[infolabel_prefix]ListItem.Year]" />
						</include>
					</control>
					<control type="group">
						<width>115</width>
						<visible>!String.IsEmpty($PARAM[infolabel_prefix]ListItem.Property(dateadded))</visible>
						<control type="label">
							<width>115</width>
							<height>60</height>
							<align>center</align>
							<aligny>center</aligny>
							<label>$INFO[$PARAM[infolabel_prefix]ListItem.Property(dateadded)]</label>
							<font>font_flag</font>
						</control>
						<include content="MediaFlag">
							<param name="texture" value="flags/flag.png" />
						</include>
					</control>
					<control type="group">
						<width>115</width>
						<visible>!String.IsEmpty($PARAM[infolabel_prefix]ListItem.Duration)</visible>
						<control type="label">
							<width>115</width>
							<height>60</height>
							<align>center</align>
							<aligny>center</aligny>
							<label>$INFO[$PARAM[infolabel_prefix]ListItem.Duration]</label>
							<font>font_flag</font>
						</control>
						<include content="MediaFlag">
							<param name="texture" value="flags/flag.png" />
						</include>
					</control>
					<control type="group">
						<width>115</width>
						<visible>!String.IsEmpty($PARAM[infolabel_prefix]ListItem.Property(QUALITY))</visible>
						<control type="label">
							<width>115</width>
							<height>60</height>
							<align>center</align>
							<aligny>center</aligny>
							<label>$INFO[$PARAM[infolabel_prefix]ListItem.Property(QUALITY)]</label>
							<font>font_flag</font>
						</control>
						<include content="MediaFlag">
							<param name="texture" value="flags/flag.png" />
						</include>
					</control>
					<control type="group">
						<width>115</width>
						<visible>!String.IsEmpty($PARAM[infolabel_prefix]ListItem.Property(sounds))</visible>
						<control type="label">
							<width>115</width>
							<height>60</height>
							<align>center</align>
							<aligny>center</aligny>
							<label>$INFO[$PARAM[infolabel_prefix]ListItem.Property(sounds)]</label>
							<font>font_flag</font>
						</control>
						<include content="MediaFlag">
							<param name="texture" value="flags/flag.png" />
						</include>
					</control>
				</control>
			</control>
		</control>
		<control type="scrollbar" id="$PARAM[list_id]600">
			<left>20</left>
			<top>list_y_offset</top>
			<width>12</width>
			<bottom>list_y_offset</bottom>
			<onleft>$PARAM[list_id]</onleft>
			<onright>$PARAM[list_id]</onright>
			<orientation>vertical</orientation>
			<animation effect="zoom" end="50,100" time="300" tween="sine" center="20,0" easing="inout" condition="!Control.HasFocus($PARAM[list_id]600)">conditional</animation>
		</control>
	</include>
	<include name="ListContainerDown">
		<param name="left">0</param>
		<param name="right">0</param>
		<definition>
			<control type="fixedlist" id="$PARAM[list_id]">
				<left>$PARAM[left]</left>
				<right>$PARAM[right]</right>
				<top>list_y_offset</top>
				<bottom>list_y_offset</bottom>
				<movement>5</movement>
				<focusposition>6</focusposition>
				<scrolltime tween="cubic" easing="out">500</scrolltime>
				<orientation>vertical</orientation>
				<pagecontrol>$PARAM[list_id]600</pagecontrol>
				<onleft>9000</onleft>
				<onright>$PARAM[list_id]600</onright>
				<onup>$PARAM[list_id]</onup>
				<ondown>$PARAM[list_id]</ondown>
				<viewtype label="Download">list</viewtype>
				<visible>Container.Content(movies) | Container.Content(sets) | Container.Content(tvshows) | Container.Content(seasons) | Container.Content(games) | Window.IsActive(videoplaylist) | Window.IsActive(musicplaylist)</visible>
				<focusedlayout height="list_item_height">
					<control type="image">
						<left>0</left>
						<right>0</right>
						<top>0</top>
						<bottom>0</bottom>
						<texture colordiffuse="button_focus">lists/focus.png</texture> <!--lists/focus.png</texture-->
						<visible>Control.HasFocus($PARAM[list_id])</visible>
					</control>
					<control type="label">
						<!-- label focus gauche---->
						<left>70</left>
						<right>70</right>
						<top>0</top>
						<bottom>0</bottom>
						<aligny>center</aligny>
						<scroll>true</scroll>
						<font>font30</font>
						<visible>!Container.Content(seasons)+ [String.IsEmpty(ListItem.Property(startime))  | String.IsEqual(ListItem.Property(startime),None)]</visible>
						<!--label condition="String.IsEmpty(ListItem.Label)">cond $INFO[ListItem.Label]</label-->
						<label>$INFO[ListItem.Label] $INFO[ListItem.Property(langue)]</label>
						<animation effect="fade" start="70" end="100" time="300" reversible="false">Focus</animation>
						<shadowcolor>text_shadow</shadowcolor>
					</control>
					<control type="label">
						<!-- label gauche-->
						<left>70</left>
						<right>70</right>
						<top>0</top>
						<bottom>0</bottom>
						<aligny>center</aligny>
						<font>font30</font>
						<!--visible>!Container.Content(seasons)</visible-->
						<!--label condition="String.IsEmpty(ListItem.Label)">cond emp $INFO[ListItem.Label]</label-->
						<visible>!Container.Content(seasons) + ![String.IsEmpty(ListItem.Property(startime))  | String.IsEqual(ListItem.Property(startime),None)]</visible>
						<label>$INFO[ListItem.Property(startime)] $VAR[ListLabelVar] ($INFO[ListItem.Year])-$INFO[ListItem.Property(langue)] ($INFO[ListItem.Property(station)])</label>
						<animation effect="fade" start="70" end="100" time="300" reversible="false">Focus</animation>
						<shadowcolor>text_shadow</shadowcolor>
					</control>
					<control type="label">
						<!-- label focus droit-->
						<top>0</top>
						<bottom>0</bottom>
						<left>100</left>
						<right>20</right>
						<align>right</align>
						<aligny>center</aligny>
						<font>font12</font>
						<label>$VAR[ListLabel2Var]</label>
						<animation effect="fade" start="70" end="100" time="300" reversible="false">Focus</animation>
						<shadowcolor>text_shadow</shadowcolor>
					</control>
					<control type="image">
						<left>21</left>
						<centertop>50%</centertop>
						<width>32</width>
						<height>32</height>
						<texture colordiffuse="blue">$INFO[ListItem.Property(watched)]</texture>
						<animation effect="fade" start="30" end="100" time="300" reversible="false">Focus</animation>
					</control>
					<control type="image">
						<left>21</left>
						<centertop>50%</centertop>
						<width>32</width>
						<height>32</height>
						<texture colordiffuse="button_focus">$VAR[ListWatchedIconVar]</texture>
						<animation effect="fade" start="0" end="100" time="300" reversible="false">Focus</animation>
						<animation effect="fade" time="150">VisibleChange</animation>
						<visible>!Control.HasFocus($PARAM[list_id])</visible>
					</control>
				</focusedlayout>
				<itemlayout height="list_item_height">
					<control type="label">
						<!-- label gauche-->
						<left>70</left>
						<right>70</right>
						<top>0</top>
						<bottom>0</bottom>
						<aligny>center</aligny>
						<font>font30</font>
						<visible>!Container.Content(seasons)+ [String.IsEmpty(ListItem.Property(startime))  | String.IsEqual(ListItem.Property(startime),None)]</visible>
						<!--label condition="String.IsEmpty(ListItem.Label)">cond emp $INFO[ListItem.Label]</label-->
						<label>$INFO[ListItem.Label] $INFO[ListItem.Property(langue)]</label>
						<shadowcolor>text_shadow</shadowcolor>
					</control>
					<control type="label">
						<!-- label gauche-->
						<left>70</left>
						<right>70</right>
						<top>0</top>
						<bottom>0</bottom>
						<aligny>center</aligny>
						<font>font30</font>
						<!--visible>!Container.Content(seasons)</visible-->
						<!--label condition="String.IsEmpty(ListItem.Label)">cond emp $INFO[ListItem.Label]</label-->
						<visible>!Container.Content(seasons) + ![String.IsEmpty(ListItem.Property(startime))  | String.IsEqual(ListItem.Property(startime),None)]</visible>
						<label>$INFO[ListItem.Property(startime)] $VAR[ListLabelVar] ($INFO[ListItem.Year])-$INFO[ListItem.Property(langue)] ($INFO[ListItem.Property(station)])</label>
						<!--label>$INFO[ListItem.Label] $INFO[ListItem.Property(langue)]</label-->
						<shadowcolor>text_shadow</shadowcolor>
					</control>
					<control type="label">
						<!-- label droit-->
						<left>20</left>
						<right>20</right>
						<top>0</top>
						<bottom>0</bottom>
						<align>right</align>
						<aligny>center</aligny>
						<font>font12</font>
						<label>$VAR[ListLabel2Var]</label>
						<textcolor>grey</textcolor>
						<shadowcolor>text_shadow</shadowcolor>
					</control>
					<control type="image">
						<left>21</left>
						<centertop>50%</centertop>
						<width>32</width>
						<height>32</height>
						<texture colordiffuse="grey">$INFO[ListItem.Property(watched)]</texture>
					</control>
				</itemlayout>
			</control>
		</definition>
	</include>
	<include name="LeftDownPanel">
		<param name="fallback_image"></param>
		<param name="flip_bg">false</param>
		<definition>
			<control type="group">
				<depth>DepthContentPanel</depth>
				<include content="ContentPanel">
					<param name="width" value="656" />
					<param name="flipx" value="$PARAM[flip_bg]" />
				</include>
				<control type="image">
					<left>30</left>
					<top>110</top>
					<width>540</width>
					<height>470</height>
					<aspectratio aligny="bottom">keep</aspectratio>
					<fadetime>300</fadetime>
					<texture fallback="$PARAM[fallback_image]" background="true">$INFO[ListItem.Property(tvshow_img)]</texture>
					<visible>!String.IsEqual(ListItem.DbType,episode) + !String.IsEqual(ListItem.DBType,song)</visible>
				</control>
				<control type="group" >
					<description>Title Epi</description>
					<left>30</left>
					<top>100</top>
					<width>550</width>
					<height>30</height>
					<visible>true</visible>
					<control type="image">
						<left>5</left>
						<top>3</top>
						<width>22</width>
						<height>22</height>
						<texture>$INFO[ListItem.Property(image_us)]</texture>
					</control>
					<control type="label">
						<left>50</left>
						<top>3</top>
						<height>22</height>
						<font>font30</font>
						<aligny>center</aligny>
						<selectedcolor>green</selectedcolor>
						<align>left</align>
						<label>$INFO[ListItem.Property(titre_us)]</label>
					</control>
				</control>
				<control type="group" >
					<description>Title Epi2</description>
					<left>30</left>
					<top>130</top>
					<width>550</width>
					<height>30</height>
					<visible>!String.IsEmpty(ListItem.Property(titre_cs))</visible>
					<control type="image">
						<left>5</left>
						<top>3</top>
						<width>22</width>
						<height>22</height>
						<texture>$INFO[ListItem.Property(image_cs)]</texture>
					</control>
					<control type="label">
						<left>50</left>
						<top>3</top>
						<height>22</height>
						<aligny>center</aligny>
						<selectedcolor>green</selectedcolor>
						<font>font30</font>
						<align>left</align>
						<label>$INFO[ListItem.Property(titre_cs)]</label>
					</control>
				</control>
				<control type="label">
					<top>165</top>
					<left>30</left>
					<width>550</width>
					<aligny>center</aligny>
					<height>30</height>
					<font>font30</font>
					<label>$INFO[ListItem.Property(langue)]</label>
				</control>
				<control type="image">
					<left>30</left>
					<top>165</top>
					<width>540</width>
					<height>330</height>
					<aligny>top</aligny>
					<aspectratio aligny="bottom">keep</aspectratio>
					<fadetime>300</fadetime>
					<texture background="true">$INFO[ListItem.Property(tvshow_img)]</texture>
					<visible>String.IsEqual(ListItem.DbType,episode)</visible>
				</control>
				<control type="group">
					<left>273</left>
					<top>560</top>
					<include condition="Skin.HasSetting(circle_rating) | Skin.HasSetting(circle_userrating)">RatingCircle</include>
					<animation effect="slide" end="0,-140" time="0" condition="String.IsEqual(ListItem.DbType,episode)">conditional</animation>
				</control>
				<control type="group">
					<visible>!Container.Content() | !String.isempty(ListItem.Plot)</visible>
					<left>30</left>
					<control type="textbox" id="15500">
						<top>600</top>
						<width>540</width>
						<bottom>70</bottom>
						<autoscroll time="3000" delay="7000" repeat="5000">!System.HasModalDialog + Skin.HasSetting(AutoScroll)</autoscroll>
						<label></label><!--$VAR[ListBoxInfoVar]-->
						<visible>!String.IsEqual(ListItem.DbType,episode) + !String.IsEqual(ListItem.DBType,song)</visible>
					</control>
					<control type="textbox" id="15501">
						<top>600</top>
						<width>540</width>
						<bottom>70</bottom>
						<autoscroll time="3000" delay="7000" repeat="5000">!System.HasModalDialog + Skin.HasSetting(AutoScroll)</autoscroll>
						<label>$INFO[ListItem.Plot]</label>
						<!--visible>String.IsEqual(ListItem.DbType,episode)</visible-->
					</control>
				</control>
				<control type="group">
					<left>20</left>
					<top>640</top>
					<visible>ListItem.IsCollection + String.IsEmpty(ListItem.Plot)</visible>
					<include content="InfoList">
						<param name="bottom" value="100" />
						<param name="width" value="540" />
						<param name="sortby" value="year" />
						<param name="sortorder" value="ascending" />
						<param name="font" value="font13" />
					</include>
				</control>
				<!--control type="group">
					<visible>!ListItem.IsCollection + String.IsEmpty(Control.GetLabel(15500)) + Control.IsVisible(15500)</visible>
					<control type="textbox">
						<left>30</left>
						<top>460</top>
						<width>540</width>
						<height>413</height>
						<align>center</align>
						<aligny>center</aligny>
						<font>font27</font>
						<textcolor>80FFFFFF</textcolor>
						<label>$LOCALIZE[19055]</label>
						<visible>!ListItem.IsParentFolder</visible>
						<visible>!Integer.IsGreater(Container(42000).NumItems,0) + !Integer.IsGreater(Container(43000).NumItems,0)</visible>
						<visible>!Container.Content() | !String.isempty(ListItem.Plot)</visible>
					</control>
					<control type="group">
						<left>20</left>
						<top>640</top>
						<visible>!String.IsEmpty(ListItem.DBID)</visible>
						<include content="InfoList">
							<param name="list_id" value="42000" />
							<param name="bottom" value="100" />
							<param name="width" value="540" />
							<param name="sortby" value="year" />
							<param name="sortorder" value="ascending" />
							<param name="item_label" value="$INFO[ListItem.Year,[COLOR button_focus],[/COLOR]  -  ]$INFO[ListItem.Label]" />
							<param name="visible" value="String.IsEqual(ListItem.DBType,artist)" />
						</include>
						<include content="InfoList">
							<param name="list_id" value="43000" />
							<param name="bottom" value="100" />
							<param name="width" value="540" />
							<param name="sortby" value="track" />
							<param name="sortorder" value="ascending" />
							<param name="item_label" value="$INFO[ListItem.Duration,[COLOR button_focus],[/COLOR]  -  ]$INFO[ListItem.Label]" />
							<param name="visible" value="String.IsEqual(ListItem.DBType,album)" />
						</include>
					</control>
				</control-->
			</control>
		</definition>
	</include>
</includes>
